file,label,F1_mean,F1_max,F1_median,F1_std,F1_skew,F1_kurtosis,F2_mean,F2_max,F2_median,F2_std,F2_skew,F2_kurtosis,F3_mean,F3_max,F3_median,F3_std,F3_skew,F3_kurtosis,F4_mean,F4_max,F4_median,F4_std,F4_skew,F4_kurtosis,F5_mean,F5_max,F5_median,F5_std,F5_skew,F5_kurtosis,F6_mean,F6_max,F6_median,F6_std,F6_skew,F6_kurtosis,F7_mean,F7_max,F7_median,F7_std,F7_skew,F7_kurtosis,F8_mean,F8_max,F8_median,F8_std,F8_skew,F8_kurtosis,F9_mean,F9_max,F9_median,F9_std,F9_skew,F9_kurtosis,F10_mean,F10_max,F10_median,F10_std,F10_skew,F10_kurtosis
A_01_1030crop.csv,A,589.2089552238806,1028.875,684.625,375.1266492526297,-0.344858653094181,-1.4385420472190402,39.05721393034826,83.25,39.0,28.272810721056047,0.049300322982483984,-1.463622167863339,2.174129353233831,4.125,2.25,1.4121218687926576,-0.06658466599796423,-1.481714608518507,1102.0597014925372,1461.0,1362.875,502.07348317291513,-1.3223756998438825,0.09272537887419752,405.95335820895525,583.625,474.5,188.71743586983322,-1.1222792678197913,-0.11993272925825416,290.38557213930346,403.5,344.75,131.8471170689713,-1.2528642886770605,0.11025903005664439,7.541666666666667,10.75,9.25,3.5909542355375,-0.9553355903152249,-0.5097460210244016,1785.1623134328358,2352.875,2287.25,845.1112879927604,-1.2707882251900566,-0.0848508839901827,1085.9291044776119,1484.5,1392.25,525.8168143410073,-1.1079574054501082,-0.35905872988176935,1581.8308457711444,1997.75,1915.375,656.5333531794828,-1.5814740209605107,0.8887196823588188
A_02_1030crop.csv,A,605.8830845771145,1028.125,720.0,379.69847376902266,-0.4219812416931021,-1.3813750306820396,40.29601990049751,86.25,40.5,29.653186514727484,0.02822307034282315,-1.4631021434493532,1.9645522388059702,3.875,2.0,1.3137013520187848,-0.16712146210759943,-1.398039006671448,1063.4291044776119,1407.75,1311.125,492.51040813932667,-1.3939305663669312,0.28532348821801135,430.7549751243781,610.375,501.0,195.50200357506586,-1.2003474776985874,0.10297148114412202,303.125,416.625,356.125,134.56385461983933,-1.3304631705388443,0.34144716202133996,8.009950248756219,11.375,9.75,3.7742450726167185,-1.0127151251856938,-0.3777909129457857,1710.6026119402984,2235.875,2170.75,806.9901738360444,-1.3447757512942018,0.1006402787798133,1054.3725124378109,1437.125,1359.625,517.2020833472036,-1.1502839066043835,-0.2815782034891554,1549.8712686567164,1943.375,1863.75,638.6030869485415,-1.6636962783245115,1.1590806444089115
A_03_1030crop.csv,A,910.1374378109452,1378.375,1164.875,513.1122186652346,-0.6933070028908961,-1.1329288361059564,85.06343283582089,181.0,85.0,61.83142671416511,0.03778072957986713,-1.463293326672155,3.6274875621890548,6.625,3.75,2.114344818386852,-0.07544037401851864,-1.5128152676691178,1365.273631840796,1722.625,1634.375,562.7735972826918,-1.615893673600818,0.9607895288979966,692.8115671641791,963.875,804.625,305.671679588809,-1.279755028259155,0.27892761268260147,460.5018656716418,626.875,538.375,198.75435376407728,-1.3856259585574635,0.5196443148140752,13.483830845771145,19.625,16.0,6.413390628557676,-0.8695641664221659,-0.6268919448121717,2044.8544776119404,2524.875,2474.25,849.1347787483156,-1.66003261607563,1.0418594486770907,1356.5690298507463,1741.375,1697.0,591.8192128498264,-1.4294052891494216,0.43648725206680883,1886.7916666666667,2267.875,2206.375,694.6449447331828,-1.9378417656631655,2.1668507278117968
A_04_1030crop.csv,A,636.264303482587,1069.875,756.875,394.5117657304578,-0.42135779652525496,-1.3913409442872406,46.25373134328358,94.5,46.75,31.585736078794593,0.010610224152194012,-1.4699795930090254,2.1181592039800994,4.25,2.125,1.4634964928568643,0.009059881234525282,-1.4864186758638922,1143.2070895522388,1499.5,1395.75,506.58844633274344,-1.3973731209217954,0.3053265497847457,429.2779850746269,622.625,499.625,202.20911846549308,-1.109703019667147,-0.10671886917165896,300.3358208955224,420.875,354.25,138.14275348348087,-1.274874323697953,0.22412390555121142,7.715174129353234,11.125,9.5,3.8196719916647064,-0.9652933491932955,-0.4800219561555794,1830.1635572139303,2378.5,2308.375,843.4786884999762,-1.3535567462856375,0.12669833572326672,1110.9023631840796,1493.25,1423.125,523.0750263944691,-1.188213290744632,-0.1799465255270185,1621.2966417910447,2028.25,1938.875,653.1051457392489,-1.6633086268122743,1.167699687037679
A_05_1030crop.csv,A,574.7512437810946,1005.25,665.875,365.74817427911074,-0.3388625769834199,-1.4393952570818838,38.19713930348259,79.125,38.875,26.302871202267674,0.025242781612069273,-1.4557429297540343,2.5907960199004973,4.75,2.75,1.429846602489521,-0.11478349747306436,-1.457953111738914,1075.0273631840796,1431.5,1332.125,495.44820955951974,-1.306847951741262,0.049049679834108684,381.69092039800995,556.875,452.0,185.8451374657816,-1.0711376507640697,-0.2816698180283934,265.7276119402985,382.625,310.25,123.48612550729995,-1.1980170470142377,0.08031737946589868,3.3544776119402986,8.375,3.0,2.966851246549196,0.20224914765737043,-1.340308138984903,1761.1511194029852,2324.75,2255.5,833.8673455290519,-1.2689147985235016,-0.0819468042443332,1066.1150497512438,1455.75,1364.0,513.4240543062781,-1.1211168727453689,-0.31676189974049107,1560.4968905472638,1971.0,1885.125,645.4347025779977,-1.5911018215442418,0.9340410266916819
A_06_1030crop.csv,A,569.6809701492538,980.375,666.875,359.05149301284814,-0.369978132599616,-1.4251023492593682,38.03544776119403,78.5,38.75,26.826039858244577,-0.005587026230917792,-1.4730716653173321,1.5230099502487562,3.375,1.625,1.2428335943257145,-0.08615666093178749,-1.5064719169660294,1052.9782338308457,1404.5,1296.375,483.9951016961954,-1.3242123537718613,0.09888004258471028,376.42910447761193,552.0,441.0,181.6955210971372,-1.0585250341859964,-0.25219071773766855,275.1194029850746,385.125,324.125,125.1435496004838,-1.2500015822417863,0.15497364200410058,7.391791044776119,10.5,9.125,3.529343205020628,-1.0187007945893123,-0.4077133265643704,1729.5230099502487,2273.0,2196.125,812.8034130279416,-1.3030005038325552,-0.001451690826449692,1048.7356965174129,1420.625,1345.375,500.1347578328762,-1.1595555136952402,-0.24045776227351823,1530.7369402985075,1932.875,1837.375,630.7276976201697,-1.6248359697069557,1.0359991894515952
A_07_1030crop.csv,A,684.3644278606965,1144.375,819.625,423.62215281459214,-0.4375588257534447,-1.3824349173618402,50.11256218905473,105.375,50.375,35.80454777428085,0.022259116912224226,-1.4615902607836302,1.4645522388059702,3.375,1.5,1.2915614170597063,0.01853485662940302,-1.5480066193233526,1179.3893034825871,1547.0,1452.375,532.8768120841603,-1.3862123481587876,0.25356164595665254,469.11567164179104,674.625,556.125,223.89822001534858,-1.115709896406808,-0.19631188354129092,327.30410447761193,454.875,391.625,152.1637475700805,-1.2783151623524982,0.15614740989657871,7.330223880597015,12.0,9.25,4.728843044753893,-0.7437652222039601,-0.9442833600485083,1879.4216417910447,2429.25,2368.0,861.8077877428469,-1.3785694676656761,0.19337175518969296,1192.3103233830846,1589.0,1518.125,552.5279141738572,-1.2325781987135602,-0.06091916683128673,1694.6100746268658,2108.125,2033.5,682.8566943462968,-1.6814463529525396,1.2172886359942998
A_08_1030crop.csv,A,646.0174129353234,1085.875,767.0,398.8261460634876,-0.415615925038579,-1.3973272735383393,47.35385572139303,97.125,48.0,32.61648690987992,0.0014614172267348412,-1.4635791812105352,2.72636815920398,4.5,3.0,1.3244265608953443,-0.2637098669730258,-1.4437566008426237,1146.8606965174129,1499.125,1398.5,502.81095614125593,-1.3995271276705854,0.31300984806006227,443.0771144278607,637.75,515.75,205.631801461424,-1.132659149721851,-0.0584693172209696,308.52487562189054,429.0,362.875,139.18706933658356,-1.2748880531232007,0.21456042557059263,8.559701492537313,12.375,10.5,4.102448050907626,-0.9438311118250702,-0.5206865305939159,1842.8644278606964,2385.25,2317.375,839.1188425181209,-1.3634982088570764,0.1574738395271127,1144.4701492537313,1537.625,1462.0,535.0808494363818,-1.1790996305500268,-0.19658065841239392,1647.365671641791,2054.375,1972.125,658.9226656306207,-1.6631886705758423,1.1693870911685744
A_09_1030crop.csv,A,578.3084577114428,1001.5,676.0,367.19539806153836,-0.3626399479065831,-1.4283962828552572,38.973880597014926,81.0,39.75,27.760392623710473,-0.008654313402320831,-1.4701239855388648,1.4639303482587065,3.0,1.625,1.0342120201444778,-0.15209215773829554,-1.4470630245092329,1107.1337064676618,1461.25,1355.0,495.7539333734952,-1.3657324106155289,0.22256266889778598,392.910447761194,570.0,458.875,184.8703489730073,-1.0825519830661068,-0.20344795933049564,282.4707711442786,393.0,332.75,126.48903471255835,-1.2657109690388244,0.18765065025786853,7.516791044776119,10.75,9.25,3.5923687117712233,-0.9810280757383278,-0.48050090482928853,1774.705223880597,2330.125,2257.75,832.6400642173514,-1.3012021492703238,-0.0048398123677673155,1081.9017412935323,1462.625,1382.5,511.2996931627391,-1.1592224151284813,-0.2296170584559154,1581.6797263681592,1991.25,1899.75,647.0449135410562,-1.6207016686628952,1.018880152066071
A_10_1030crop.csv,A,672.4583333333334,1105.25,810.875,407.77107840541333,-0.4645316241339143,-1.3638721405137872,50.99129353233831,106.75,51.75,36.51532790089469,0.005867920776141178,-1.4675518224330668,1.6983830845771144,3.625,1.75,1.2546780116618366,0.04568355415846313,-1.518060860597969,1127.152985074627,1469.625,1372.75,493.38519624672335,-1.4227329298273435,0.375156387872015,479.07400497512435,688.625,562.5,225.2784637655631,-1.1114176395601134,-0.18151640111103484,338.55348258706465,467.25,398.875,150.4666087288113,-1.2957349463563972,0.24717031524377164,8.983830845771145,12.875,10.875,4.230867058995039,-0.9527975845958379,-0.49665214392900836,1745.9129353233832,2229.25,2167.625,769.3556984924637,-1.4445882622300346,0.3928512089084437,1107.5143034825871,1466.75,1411.125,505.42695813535965,-1.2533464396940026,-0.012863154126804943,1624.7493781094527,2008.25,1931.0,633.5059817412748,-1.7304634215935715,1.4110271442313582
A_11_1030crop.csv,A,891.0858208955224,1315.625,1163.0,487.7965987049899,-0.7793188260078764,-1.0248990465020815,87.64179104477611,170.75,93.75,59.63928115548013,-0.13059219152680382,-1.474728315825387,1.2587064676616915,3.75,1.5,1.7822417457255697,-0.09137789146911249,-1.565007132438121,1340.5957711442786,1708.125,1573.375,538.4459016114955,-1.6537822266977733,1.1391004350159868,689.4807213930349,1016.125,776.125,312.87893296948164,-1.0418579788368307,-0.028041448463213214,467.5286069651741,666.625,523.75,201.00095245572646,-1.2185576195492138,0.3930010318779886,15.150497512437811,20.5,19.125,6.752836128056261,-1.1866657418018478,-0.047941056715320673,1990.8924129353234,2444.875,2365.25,796.1647605102738,-1.7504573529957232,1.3472877279486903,1441.2555970149253,1813.0,1742.5,593.4672896334032,-1.5891873965655519,0.9089587751842796,1913.3662935323382,2303.25,2201.75,677.9388587193978,-2.0166718441645615,2.516652481250004
A_12_1030crop.csv,A,649.1927860696518,1108.0,765.125,406.98265964618884,-0.3924701941245334,-1.4081213630875657,46.08582089552239,101.0,45.0,34.33168715607852,0.09168427664240429,-1.4527152025474703,2.4732587064676617,5.0,2.5,1.5026355627907588,0.020020226567453156,-1.3942328624148868,1159.8501243781095,1518.5,1425.25,519.4240865501112,-1.3969549470218108,0.2995835379459999,460.19838308457713,654.25,544.25,214.4537143041669,-1.1481387296989292,-0.117692678077439,337.9608208955224,461.875,402.5,150.0460162764928,-1.3077370094175436,0.2413792760294715,10.135572139303482,14.5,12.5,4.76116096946262,-0.9981060106956597,-0.37940058737115834,1777.3812189054727,2307.125,2246.5,819.0715087623914,-1.3595808199165136,0.15201357523785886,1139.3625621890546,1531.0,1451.375,534.2072960646306,-1.1956478365167353,-0.14214778400896355,1684.311567164179,2098.75,2026.125,677.9975845654055,-1.6698221371870898,1.2010812344252022
A_13_1030crop.csv,A,797.9483830845771,1273.25,989.875,476.27220038147976,-0.5509071310010173,-1.2931338444366374,66.90796019900498,143.75,66.75,49.1046522308715,0.04544820447796043,-1.4581215763849116,1.824004975124378,4.625,1.875,1.8401729734224854,0.041693034148657375,-1.4655564972264936,1286.6007462686566,1647.5,1556.0,552.2098774126823,-1.5411078056024492,0.7212945859910374,576.011815920398,816.75,681.125,268.6805034527678,-1.1743679837378693,-0.06900818834624323,404.69216417910445,551.5,476.0,177.32175681292412,-1.3558925723848252,0.39535980298008955,12.403606965174129,17.75,15.125,5.987701641283249,-0.9612649343553877,-0.47928856870939507,1954.7468905472638,2464.125,2409.125,855.5341339168901,-1.5353557759675465,0.6432469647958388,1280.05907960199,1656.25,1612.25,563.0501890591335,-1.3932631347481246,0.36532895957251066,1819.9216417910447,2211.0,2146.375,692.3833810451788,-1.8651671363162234,1.8911567683127517
A_14_1030crop.csv,A,487.9297263681592,893.625,548.125,323.1299092259457,-0.2459022531495398,-1.4836488789600644,31.296641791044777,67.875,30.75,23.03762911013121,0.08013964915361263,-1.45946508512583,1.4129353233830846,3.375,1.5,1.1972218424734582,-0.029954176083144473,-1.4295510347315594,1011.8264925373135,1368.375,1268.625,479.3374608868619,-1.2143239391289566,-0.18956190189953048,326.53109452736317,474.0,387.0,157.328815889683,-1.0572024581778905,-0.32223467497122726,247.06965174129354,343.75,295.5,113.17882113215259,-1.2140728139895265,0.0018535984201575317,7.41728855721393,10.375,9.0,3.413362166532994,-1.021758445134105,-0.3647767902574799,1657.4975124378109,2245.25,2169.625,820.8982645947716,-1.1389190088451075,-0.3977289045533108,975.0031094527363,1348.25,1243.75,475.5574266591309,-1.0568730132047965,-0.4488739575614882,1488.1996268656717,1896.875,1805.5,626.6176009945018,-1.5382804248172595,0.7543329288284895
A_15_1030crop.csv,A,776.3544776119403,1234.5,964.0,461.22156958974347,-0.5609409974769384,-1.2803578827306765,62.30037313432836,132.0,63.0,45.442693907680464,0.012174060933429699,-1.4652590701048496,1.4738805970149254,4.0,1.625,1.6814308097071609,-0.027054462722294927,-1.4737463765929915,1258.016791044776,1624.375,1522.875,546.5983754090175,-1.505185689330695,0.6081960492080425,546.3097014925373,779.75,638.5,251.96500822991064,-1.1537420382650414,-0.057868652607559135,384.9141791044776,528.375,450.75,168.13400821400538,-1.3294885079840795,0.35048187580767154,11.771144278606965,16.625,14.25,5.494302855208823,-1.0337713869114704,-0.3245827635784493,1933.1554726368158,2446.25,2384.625,849.9551435456474,-1.5154526162654345,0.5831968009802964,1254.2176616915424,1627.875,1582.375,557.0273410586063,-1.376704818707225,0.3065238462942914,1800.2537313432836,2196.75,2121.875,689.6723583668415,-1.843417265499829,1.8015801475488686
A_16_1030crop.csv,A,982.2935323383084,1442.625,1286.5,537.3028007761089,-0.7990073123487317,-0.9946838001685219,111.94900497512438,236.875,112.5,81.33523301501594,0.02382204176602985,-1.4673175339185862,2.7723880597014925,6.25,2.875,2.3611232504125073,-0.027020496087069034,-1.5211143206818705,1419.2922885572139,1769.75,1681.875,570.3829952508923,-1.7268897155273044,1.3414433437330402,769.5771144278607,1071.75,901.625,344.33336134653126,-1.270869442497693,0.21946452087372936,516.7257462686567,701.625,599.875,219.57691527590032,-1.4144508861419811,0.6372242037855771,17.621268656716417,25.375,21.25,8.355098229544403,-0.9022622885525143,-0.5763335675660834,2065.4048507462685,2512.875,2464.375,830.0007614661001,-1.7864157778326082,1.476745561910061,1416.1679104477612,1761.75,1718.125,574.2298134701578,-1.6437326042228915,1.1236913223625624,1964.8476368159204,2320.0,2264.375,688.2244705224329,-2.1199979612874436,2.9274731173592325
A_17_1030crop.csv,A,826.9745024875622,1275.0,1046.25,475.5419547237539,-0.648745027996375,-1.181086321183646,75.12624378109453,157.5,76.25,53.44232778379438,0.0040753521635819925,-1.4540877889857875,1.8289800995024876,4.0,2.0,1.517844629075035,-0.11210887222257385,-1.5376121788103354,1270.9396766169154,1614.75,1522.375,533.6485177819438,-1.6172245021618248,0.9692890487316026,600.098880597015,845.375,700.5,272.8720295838684,-1.2389245029083544,0.1388703225838661,413.49689054726366,561.25,481.75,177.31451025486703,-1.414144324088192,0.594388050202598,13.227611940298507,19.0,15.875,6.127135328356697,-0.9997794082176883,-0.361675641336467,1952.19092039801,2427.625,2374.375,826.8941815096123,-1.6318722497162845,0.9532694439365841,1251.226368159204,1596.25,1557.0,537.233756142333,-1.4783066236073419,0.6063490865941743,1818.4583333333333,2185.5,2123.875,672.0192255051863,-1.9607510331724418,2.2612403945096506
A_18_1030crop.csv,A,590.7350746268656,1018.375,694.375,375.1302250186019,-0.376629600370207,-1.4221647556887917,41.8047263681592,88.75,41.875,30.067980441171933,0.0416915698416087,-1.4630410571057686,1.953358208955224,4.25,2.0,1.4287334059642425,0.0325113535078041,-1.4974182080129734,1084.754975124378,1438.25,1339.125,497.94819960531385,-1.3453747516657013,0.14956925265695897,398.53731343283584,577.125,469.25,190.7217104587068,-1.1029908237671915,-0.19923154760492734,288.52985074626866,400.0,342.125,130.7044313046206,-1.2706105784098831,0.1713413006393556,7.96455223880597,11.375,9.625,3.75837410576873,-0.9839485759047158,-0.4003699063780579,1755.891169154229,2302.25,2234.0,825.2345390946006,-1.311415671668512,0.02115022030106628,1064.0839552238806,1427.0,1354.875,496.4737960104519,-1.2043967926562384,-0.11692747233820588,1606.4769900497513,2001.375,1918.5,642.7216987726135,-1.6910013327539692,1.270915018935371
A_19_1030crop.csv,A,819.3320895522388,1283.625,1035.75,484.19655967833995,-0.5994373883149019,-1.2575537882933283,73.14179104477611,152.25,74.5,52.4704351227078,-0.009740686131007557,-1.4734570650384335,2.3146766169154227,5.375,2.375,1.9678342566366036,0.01977361806383959,-1.524237524490431,1290.8389303482586,1661.5,1558.125,556.3940814337019,-1.5325901774104382,0.6932432144148053,590.5323383084577,849.875,688.25,275.97592752563907,-1.1332325270524426,-0.08838497454784555,406.7910447761194,564.0,474.375,179.60164822926777,-1.304886379564295,0.323182614111595,12.092661691542288,17.25,14.875,5.875420404560299,-1.0109981804818975,-0.3979989326528859,1982.7251243781095,2486.625,2424.125,852.0791606370268,-1.5756887664713144,0.7735502235684462,1298.6150497512438,1664.125,1612.625,559.7110467931077,-1.4584840928703287,0.5477684851284992,1851.3644278606964,2241.25,2164.125,690.8928990406704,-1.9221669355716944,2.112216368444126
A_20_1030crop.csv,A,1097.80907960199,1548.75,1448.625,568.6596026036639,-0.948014003326109,-0.7397334796863073,147.8644278606965,316.75,147.75,108.12426902888576,0.038471366765820456,-1.4529670577166252,3.474502487562189,7.75,3.75,2.8889941270127584,-0.05928596758432811,-1.5347868754604523,1512.990671641791,1850.25,1781.5,587.4995092276317,-1.830592695626202,1.6997642995241513,889.4844527363184,1200.25,1044.625,384.9936043569041,-1.4153175015773694,0.5397378879029766,589.1828358208955,781.0,684.125,241.83585934388418,-1.533416223271424,0.9569420407850324,21.125,31.375,25.25,10.366668566332152,-0.8375276859497008,-0.6521262409747557,2170.967039800995,2603.625,2567.75,848.8412079885268,-1.8813759498397933,1.8109377913178166,1515.4415422885572,1850.0,1816.125,593.630592473348,-1.770511890431188,1.5446959967008125,2036.67723880597,2376.25,2334.0,696.9123274865349,-2.2057610443279034,3.2864023595491902
A_21_1030crop.csv,A,799.6138059701492,1252.875,1005.625,470.0754104505636,-0.5971856316648677,-1.251279494286558,67.05783582089552,140.5,68.375,48.59987566183868,-0.005909392219180735,-1.4719457071331246,1.7866915422885572,4.125,1.875,1.5423056089572535,-0.04785049106075297,-1.5107254174724125,1259.705223880597,1614.375,1513.0,534.2309855988839,-1.5623649187376243,0.8057286313404335,573.3687810945273,823.125,669.75,266.4578331708253,-1.140161044326372,-0.06884187580814771,385.0982587064677,533.125,448.25,168.86034023912887,-1.3047229820133102,0.3334022314173386,12.203980099502488,17.375,15.0,5.707178562466972,-0.9927415490252219,-0.4557142823089855,1978.169776119403,2498.125,2436.125,867.2597028100829,-1.5305496564685368,0.6265762785117097,1259.2344527363184,1625.25,1576.0,551.3460431141777,-1.4142926271458822,0.4199288782803343,1797.8855721393036,2195.5,2121.75,689.9785980463352,-1.837957954600859,1.7861349134043243
A_22_1030crop.csv,A,1088.3880597014925,1501.125,1424.0,539.6261826860008,-1.0616257046244637,-0.5174905396425071,148.28855721393035,288.625,159.25,101.37916753018047,-0.14310602750591703,-1.4702806093385958,2.603233830845771,6.5,2.875,2.7790318726677525,-0.06276094820020257,-1.5898994916596003,1485.2810945273632,1839.125,1722.5,564.7772003503841,-1.8511829423727235,1.8210787129135015,908.4185323383084,1289.375,1018.375,387.5028923441537,-1.2237106489660992,0.41674546385675537,597.8146766169154,838.25,666.875,245.9791370557399,-1.3065142574627944,0.686131568854238,22.03047263681592,30.0,27.5,9.828216114358943,-1.133288636316808,-0.15062797594698019,2141.6119402985073,2560.0,2497.625,807.7851519691096,-1.9614312673854764,2.1173234663260594,1552.2922885572139,1894.75,1833.875,597.7282340194549,-1.811170103739091,1.6637810836240554,2042.931592039801,2391.375,2315.75,675.6776567631625,-2.256506037221022,3.5483834216376477
A_23_1030crop.csv,A,711.9993781094528,1150.375,875.625,430.9531688986835,-0.5159079644290836,-1.3280541832173636,53.976990049751244,112.125,55.5,38.94760659491848,-0.027074587948581863,-1.4755612257878543,1.4757462686567164,3.75,1.5,1.434283738000624,0.09534230948549985,-1.4437636573291186,1189.9570895522388,1553.5,1442.5,523.235551713782,-1.4620213055428313,0.4976870636681143,495.8737562189055,721.0,574.5,230.5588727649449,-1.0799924681504576,-0.14733571078556063,335.4365671641791,469.875,390.125,149.18284108614517,-1.2432234478509536,0.18628058608949116,10.252487562189055,14.375,12.625,4.7193953868063945,-1.0599359190933895,-0.3125142054225738,1914.152985074627,2456.875,2382.25,862.4613571506576,-1.437492088134151,0.3597056141135315,1203.5186567164178,1579.125,1527.25,543.436086369953,-1.3195450746291177,0.15386052499487857,1725.160447761194,2139.375,2047.25,681.7021427842699,-1.738926890139663,1.4282406551703373
A_24_1030crop.csv,A,698.7493781094528,1152.125,845.875,428.7372857755265,-0.46826403787857857,-1.3632551258394583,52.02860696517413,109.875,52.625,37.81535259442319,0.012414507934149005,-1.4651164045791008,1.0833333333333333,2.875,1.0,1.1425410639967124,0.027162015790928227,-1.496200893227036,1180.8942786069651,1540.375,1444.875,525.2541220598821,-1.4322342716792462,0.3942116834992082,493.5995024875622,704.875,579.125,229.62113077850924,-1.136570080644786,-0.11669147338278574,315.89800995024876,443.0,374.25,146.04491674646704,-1.2200437023993127,0.028477490472617717,0.291044776119403,1.375,0.625,0.7603109817961826,-0.6157772842846474,-0.8193048616146328,1902.7394278606964,2446.75,2384.375,863.7730981803587,-1.4123921782085151,0.28853644105424703,1194.063432835821,1578.125,1518.75,545.1612966960604,-1.2765038312310188,0.05020267708950943,1742.8034825870648,2157.25,2083.875,693.6408583192828,-1.7161122636085857,1.342061011845984
A_25_1030crop.csv,A,817.5833333333334,1263.25,1027.125,467.98392978886596,-0.6352282955545175,-1.189964934141549,71.05534825870647,146.25,72.875,49.9150643581546,-0.029024124839573465,-1.4519742270182587,2.384950248756219,4.375,2.625,1.4612726163233045,-0.16294442198767115,-1.459974761049398,1280.5578358208954,1626.0,1536.375,533.5220932657378,-1.590036686713187,0.8868354398058496,602.851368159204,843.0,700.75,267.1217921394934,-1.2420966035143874,0.18168128369300396,444.73258706467664,592.0,515.0,178.402158707835,-1.404790909566892,0.5727440526900454,23.152985074626866,31.0,26.875,8.437512324355907,-1.0081821257666728,-0.3049829779487325,1995.2475124378109,2481.875,2427.5,838.2779640170071,-1.6158581604875606,0.9135397564897709,1294.294776119403,1651.0,1606.625,548.5133023304062,-1.4710927034404406,0.6041751060410139,1841.6380597014925,2221.0,2157.0,682.4985316536727,-1.9152579590331509,2.086337941233383
A_26_1030crop.csv,A,950.9925373134329,1389.125,1231.125,509.8507897768712,-0.8104802914696312,-0.9549197751697953,99.83022388059702,207.25,102.0,70.4497656590676,-0.01653504393102544,-1.4501124709843856,3.4185323383084576,6.375,3.5,1.992281863862048,-0.03796057424523039,-1.5521601715601645,1377.1958955223881,1703.75,1622.75,538.7975022160208,-1.7661237447722018,1.4935283825185026,736.1243781094528,1011.125,852.875,317.1698999167015,-1.3493056027184538,0.4594481875454619,474.91169154228857,638.875,551.0,196.6354612968557,-1.4597700379634237,0.803912391951763,15.833333333333334,23.25,18.5,7.193653631533905,-0.9708249101098184,-0.3589068316839694,2078.9701492537315,2523.5,2479.0,827.8706262629943,-1.7883012243756908,1.4888627268499883,1403.8681592039802,1744.375,1705.625,567.4242365099941,-1.638755191090856,1.1062795060827115,1941.94776119403,2287.875,2235.875,674.9019684718859,-2.1237819099707838,2.9477491341121143
A_27_1030crop.csv,A,682.3849502487562,1108.625,828.5,407.53765265779845,-0.5076044870913067,-1.3123384106106981,54.183457711442784,110.25,56.125,37.169254575267544,-0.05038170064830068,-1.4397470870786206,2.978855721393035,5.125,3.125,1.4370131869894909,-0.08015662052496816,-1.5134261133657192,1144.1194029850747,1482.5,1391.625,499.34275168424523,-1.4607330847030782,0.47716350986031975,486.95522388059703,687.875,568.5,220.01837472185906,-1.209922281051632,0.08966814916165244,322.625,439.75,378.625,139.94446859752898,-1.3693398840868842,0.4580044346852681,10.82773631840796,15.25,12.875,4.700657435243165,-1.0602190789166603,-0.2477878624602794,1874.6511194029852,2366.375,2311.125,810.5200711261713,-1.5184170806982598,0.6221720501243868,1176.1703980099503,1520.625,1476.625,510.77763704284797,-1.3858426463547235,0.37010784084582893,1701.285447761194,2068.375,2002.0,643.0198188793951,-1.8577248149562744,1.8701897888092756
A_28_1030crop.csv,A,713.6200248756219,1146.125,873.5,423.5407850692058,-0.5349255038312261,-1.2888978626488548,57.0068407960199,118.0,58.5,40.22207708361078,-0.03320845121752457,-1.4438639248644742,1.185323383084577,2.625,1.25,0.9968930689626488,-0.01920483207682374,-1.5290192665474076,1202.4993781094527,1535.375,1447.25,505.52251650324877,-1.5515112889426224,0.7764450767852864,529.0491293532339,739.875,612.75,233.21470319947898,-1.2386278523021041,0.18617266572935698,343.3495024875622,470.25,400.0,150.15593745581646,-1.3665793481963049,0.4717181768886918,8.628731343283581,14.0,11.625,5.350319515028817,-0.9314529219064757,-0.6353711038614449,1923.6902985074628,2404.625,2348.125,809.3251040705253,-1.5829614459598846,0.8328235851684886,1223.5652985074628,1575.75,1529.625,522.1444825985618,-1.4118608446140404,0.46355609833971867,1769.6150497512438,2135.875,2068.0,649.0289701297311,-1.915432661308635,2.1143845475039633
A_29_1030crop.csv,A,608.3799751243781,1020.25,728.375,376.764917823253,-0.4329524600849011,-1.388213336670884,43.12189054726368,87.375,45.125,29.85218153162303,-0.06835991356833178,-1.457611519051882,1.4247512437810945,4.5,1.25,1.761338516854771,0.18237160282104917,-1.4223797575271555,1126.0068407960198,1474.25,1358.375,490.4258797853944,-1.4493016160216055,0.47743718736810736,458.38432835820896,663.375,527.75,210.09265640555816,-1.105767110926895,-0.08518458304657894,327.15796019900495,452.75,378.25,140.49093886901363,-1.2996168819390523,0.34618117372415336,8.870646766169154,12.5,10.75,4.086524886911282,-1.0213596627750676,-0.39964154385887296,1720.6753731343283,2215.5,2139.625,773.7325854801619,-1.4220355531787139,0.3203569728619762,1154.527985074627,1522.875,1472.5,525.0149339653223,-1.2762087549373624,0.03579359400614335,1628.835199004975,2025.125,1926.25,638.2342476579759,-1.7403341210104777,1.447908686623414
A_30_1030crop.csv,A,759.8171641791045,1186.375,951.375,441.61819989840814,-0.6021447427346657,-1.2374223565850737,60.842039800995025,119.25,64.625,41.26900382472278,-0.11563804054145353,-1.468101852497264,1.2008706467661692,3.375,1.25,1.4580032564111618,-0.06343371616571573,-1.5324586483510692,1254.467039800995,1615.0,1486.625,520.9275568769132,-1.5807809449800907,0.8969047650510831,568.6728855721393,832.0,645.25,259.79955789937037,-1.0780441447421736,-0.024609385034141784,385.43283582089555,544.375,437.875,167.63164472245725,-1.2575683350577154,0.3806814884947256,10.68407960199005,14.875,13.375,4.978733532305513,-1.1212998587156344,-0.18801078307775443,1932.4160447761194,2429.625,2349.375,826.2764566597864,-1.5790442688537716,0.7786014913982111,1327.669776119403,1713.125,1648.25,579.6113046475186,-1.421868779542251,0.4156697728856287,1790.7767412935323,2195.25,2092.0,675.2454124652944,-1.8552614818128894,1.867964614545384
A_31_1030crop.csv,A,974.5230099502487,1405.75,1275.0,515.024990502219,-0.8530737690292499,-0.901102988563915,108.50746268656717,217.5,113.75,74.84117058781935,-0.08059795199494765,-1.4602062179483195,2.601990049751244,6.0,2.75,2.3841664730142633,-0.028280845195653753,-1.5539005849074385,1373.9291044776119,1698.25,1598.125,523.4077681905219,-1.8396182800530902,1.783271265171103,793.9116915422885,1107.5,906.25,341.74868998773456,-1.3228316123306716,0.5185491324920268,518.8886815920398,710.5,587.875,213.912485809506,-1.4469628748038479,0.9112480747679199,16.58768656716418,23.5,20.125,7.844186188602445,-0.9912251856138826,-0.42691112046177393,2013.8687810945273,2436.0,2381.0,790.437642269804,-1.8399407041505793,1.6624765326936144,1409.4589552238806,1747.625,1697.125,567.8590719132102,-1.6782106417869957,1.2125615313845604,1875.476368159204,2217.25,2151.0,650.8929535913104,-2.139802710650866,3.0302880372749534
A_32_1030crop.csv,A,1025.3905472636816,1448.625,1350.5,524.7701658645824,-0.931384304596206,-0.7686024723631779,123.44465174129353,242.75,130.625,83.66573859147972,-0.10823705201692992,-1.463823370609109,2.6007462686567164,5.875,2.875,2.4040581756146855,-0.10958834474420466,-1.5927791126564834,1443.5478855721392,1762.75,1657.875,518.1856103413214,-1.9160687870755246,2.097510075456383,833.4720149253732,1168.25,948.5,357.85432669297205,-1.3005224086571956,0.5047892385581374,537.8550995024875,742.0,604.5,220.7038874060882,-1.4128646147927972,0.8999779262411449,18.07773631840796,25.25,22.25,8.414902084378403,-1.0376150836516576,-0.3542170876142494,2124.8949004975125,2541.375,2485.0,797.8484275913191,-1.9119749171890243,1.92848093747648,1469.6753731343283,1801.5,1748.25,570.9915840188743,-1.7495469786356557,1.4458903131359522,1949.846393034826,2280.625,2212.875,640.206381152949,-2.2301110464952134,3.443983091268449
A_33_1030crop.csv,A,681.252487562189,1104.375,830.5,408.98375981184375,-0.5075683708349166,-1.322784834450219,52.04477611940298,104.625,54.5,35.94260017774093,-0.0782532211075494,-1.452500029730276,1.0024875621890548,2.75,1.125,1.2170380532175766,-0.16565553865918736,-1.5250972652670454,1192.5509950248756,1531.625,1419.125,494.1686458488182,-1.5597078877826867,0.8235236377316446,516.7481343283582,742.375,591.875,232.29178088621734,-1.143454831123235,0.040589568100868334,347.1231343283582,479.375,398.5,147.05152458479748,-1.3406062252704156,0.5225568298288996,9.866915422885572,13.875,12.25,4.644013954518455,-1.048526674315177,-0.3398471133865817,1909.2394278606964,2414.375,2343.5,826.5294038184086,-1.5188384994533617,0.6026499645749386,1185.0292288557214,1540.0,1488.75,521.366359884946,-1.3599310894007268,0.265892397654627,1692.5373134328358,2074.625,1987.5,639.7656486604814,-1.81745331040218,1.731943884573652
A_34_1030crop.csv,A,724.6598258706467,1140.75,903.25,425.0397503357974,-0.5778910839088162,-1.2664684279750402,59.8202736318408,115.125,63.75,39.30987316386249,-0.1287030979429015,-1.4634689982442923,1.6784825870646767,3.625,1.75,1.3752884133322885,-0.11326451648720999,-1.5104402531723036,1220.964552238806,1573.875,1442.625,502.80234592725276,-1.5761381388106093,0.8948744408742302,532.6050995024875,786.875,604.25,246.50370307581505,-1.0369230234997342,-0.1052612580359722,356.04415422885575,507.0,402.5,155.83291894093762,-1.2443373063222833,0.39060783029427304,10.639303482587065,14.5,13.375,4.783645959839874,-1.1361911013505692,-0.18418877353357344,1934.577736318408,2442.25,2358.75,833.3963396235822,-1.5499319923363768,0.6847630290089946,1242.7226368159204,1605.625,1544.5,542.4454593465448,-1.4073719751188272,0.3763434945171684,1729.3967661691543,2129.875,2023.375,658.7161638544513,-1.8199633443011778,1.7287567334374758
A_35_1030crop.csv,A,637.4800995024875,1072.0,759.5,396.0822760236686,-0.4247282087878993,-1.3886317183293146,42.041666666666664,91.125,42.0,31.673442912064587,0.040971625676581386,-1.4729759805355613,1.0404228855721394,3.125,1.0,1.306139233309253,0.08943694413703744,-1.518697953556773,1140.0889303482586,1495.25,1391.625,506.00871924082145,-1.4050363959548913,0.328981555483693,457.5068407960199,651.0,528.5,205.57919793349626,-1.1666979258880994,0.04775521611323574,322.6641791044776,445.0,378.125,141.46616534356437,-1.2955745355324975,0.2770556001213831,8.17226368159204,11.625,10.125,3.9281211217816896,-0.9845757084978907,-0.44680219507465013,1812.3202736318408,2353.0,2283.0,832.9080236874507,-1.3616435015855648,0.15373190721125907,1108.532960199005,1497.625,1424.875,529.1148909884693,-1.1677907653861426,-0.23904156801653542,1611.0939054726368,2015.5,1930.25,650.6774974257713,-1.6569964793283098,1.1441243722145442
B_01_1030crop.csv,B,682.905472636816,1116.875,831.875,416.1374294107866,-0.49187734564073393,-1.34204975978707,52.32898009950249,113.75,52.0,39.38615469832009,0.05327731093785098,-1.4728402588837657,1.6884328358208955,4.375,1.625,1.5665243896599315,0.16103010838015674,-1.4461168705399883,916.5292288557214,1196.5,1102.25,397.4911215342233,-1.4874893660424215,0.5892417707780355,504.12935323383084,716.5,589.625,231.175929504282,-1.1784431817023469,0.0069315235435984945,355.9166666666667,489.5,416.125,155.8706406375796,-1.3336072163619046,0.3749946188020017,12.818407960199005,17.625,15.75,5.727308954772671,-1.1693672105909887,-0.031783892017577475,1594.4402985074628,2027.75,1968.875,704.6211669919129,-1.4950305756501219,0.5257005209534205,680.3016169154229,902.125,859.125,311.5182734540121,-1.2842844387683565,0.052074287194284974,1659.4085820895523,2033.375,1961.625,633.989892572966,-1.8074789734974213,1.7125595717869455
B_02_1030crop.csv,B,830.5242537313433,1256.375,1062.75,467.1684137004484,-0.6950258996615412,-1.1331513241196163,81.15671641791045,166.25,84.125,57.3255438463325,-0.043253099102048075,-1.4733297363347948,2.63681592039801,5.875,2.625,2.1166833887250944,0.05327709593416643,-1.5502788219237433,1072.146144278607,1360.625,1261.625,432.0689511328244,-1.6800289211190922,1.2209773224439742,622.8308457711443,891.5,721.625,286.51168841695346,-1.182820232418221,0.05131504523933739,429.4446517412935,591.25,492.875,183.1205343452331,-1.390171583001203,0.6332938420793801,16.987562189054728,22.75,20.75,7.197593280548865,-1.1904029117547028,0.012057849511238228,1762.8992537313434,2166.125,2107.875,714.956951561776,-1.7229712309365366,1.252746741338414,867.2089552238806,1098.625,1052.625,360.7519232364658,-1.5611034789015952,0.8510711798208845,1787.9745024875622,2130.0,2060.5,631.4840416731148,-2.0585692962620477,2.6764112057661773
B_03_1030crop.csv,B,1017.1772388059702,1484.375,1334.875,555.0358028555054,-0.8213738700115385,-0.9653397706355125,135.46766169154228,311.5,127.5,105.12975818589072,0.16666504666171844,-1.4177721646545292,7.996268656716418,13.875,9.0,4.396383606260457,-0.45883969288206133,-1.1087759575573735,1261.2692786069651,1564.5,1520.25,517.9952345180743,-1.679392473304931,1.1542502262022944,930.4496268656717,1213.125,1097.375,386.70309470504986,-1.5449286391594286,0.8665616337275108,603.5497512437811,787.625,716.375,254.03412948406006,-1.5206636754978526,0.7702453967438854,29.376243781094526,45.75,34.25,15.057972498528526,-0.7045446256238095,-0.8498861642835731,1920.8097014925372,2311.5,2286.25,762.6924326008991,-1.8395872387513126,1.65145726540886,1040.108208955224,1319.75,1292.875,452.1076615562237,-1.5101462511535568,0.6410257188002233,1917.3837064676618,2262.625,2233.375,684.685008730596,-2.0477254496873747,2.6117028455378417
B_04_1030crop.csv,B,743.0360696517413,1193.375,910.125,440.4713978648783,-0.5350603145659897,-1.2905303482577748,63.406716417910445,136.375,62.875,46.01652787829942,0.05823491023684658,-1.4424834602239784,2.1144278606965172,3.875,2.5,1.3809392924285395,-0.41361315166534124,-1.3094549773569657,1073.8308457711444,1368.125,1295.875,453.842672779459,-1.5657035321153094,0.8205843254831202,555.3109452736319,775.0,668.125,259.964359673781,-1.2094469321412014,-0.05373275454874671,383.06529850746267,512.5,454.625,165.48904613209868,-1.4148070844329672,0.5257218031338806,14.45087064676617,20.875,17.375,6.892328626358112,-0.9805089266018265,-0.37670864882504285,1782.3451492537313,2233.0,2189.75,764.3568546933063,-1.5658659989335975,0.7590321489560234,932.2133084577115,1212.25,1174.375,410.93684693699805,-1.3753980689718406,0.3363362910605949,1700.8308457711444,2055.25,2004.875,635.5442491963861,-1.8930737514072833,2.033131730322517
B_05_1030crop.csv,B,673.6467661691543,1093.375,820.0,405.0805021515763,-0.49527474043977904,-1.3407849641410001,51.955845771144276,108.625,53.125,37.864872831666865,-0.016094851354259698,-1.4770799546388456,3.60136815920398,4.875,4.25,1.5360210579056028,-1.383929553625063,0.4758412271897656,1046.1958955223881,1366.25,1264.0,453.047341805038,-1.4413276143486258,0.4449590156899492,487.6374378109453,706.5,569.0,229.77508606222491,-1.0737762744359334,-0.23976650114361142,341.81529850746267,472.875,398.5,148.89197835367122,-1.280006027074944,0.2622405854489709,18.263681592039802,25.0,22.5,7.945122295262426,-1.0824173410488729,-0.27793270632136036,1753.8146766169154,2233.75,2167.75,768.0254425434418,-1.4657391274109308,0.45074995802431017,935.8706467661691,1230.0,1180.625,418.47725883941513,-1.3088472698688545,0.13659628501979926,1655.3407960199006,2033.5,1952.125,631.775814079712,-1.789493592451477,1.6340773344294393
B_06_1030crop.csv,B,785.1094527363184,1234.625,982.375,461.63827614425753,-0.5831400628936084,-1.2633490282809208,70.22450248756219,148.0,70.625,50.66490476038958,0.021311478137579252,-1.468490316412096,3.343283582089552,5.875,3.625,1.8940791259875065,-0.3013329016269139,-1.3382105384668992,1161.8495024875622,1489.375,1397.75,491.7628736800906,-1.5464507984305083,0.755171558970936,593.6536069651742,848.25,701.25,280.0523954109706,-1.1381484957858374,-0.1505863494308466,405.2151741293532,556.25,475.125,177.46406781870164,-1.3375054507009743,0.38553943387733014,15.524875621890548,22.0,18.875,7.3739724376955245,-0.9977993118275188,-0.41189928140179566,1855.6106965174129,2325.25,2269.25,794.6913124326844,-1.572762503900862,0.7666700531483186,1062.4981343283582,1370.0,1323.0,460.7327467658608,-1.4236162810693338,0.4534138446509104,1777.6965174129352,2149.875,2082.625,661.2694326304551,-1.9096836997742266,2.074183550605148
B_07_1030crop.csv,B,957.2848258706467,1398.75,1250.125,517.9849177639633,-0.8150313566175994,-0.9625033709610249,107.33084577114428,227.0,108.0,77.91883689497531,0.02252528821246753,-1.4694761869455062,5.58955223880597,8.0,6.75,2.638761543996933,-0.9713425148171384,-0.49804786131106527,1314.0292288557214,1634.125,1550.5,520.5868080251632,-1.7509924874633624,1.4337156107410474,766.2425373134329,1064.0,903.875,345.38039038315964,-1.275230429715462,0.1830989942616994,510.8252487562189,689.875,592.375,215.11799777414262,-1.4475543482764945,0.7351496652570062,24.949626865671643,35.625,30.5,12.007364416636362,-0.952117637686261,-0.5175386810523968,1995.2817164179105,2426.875,2381.75,801.1839332933029,-1.778526831397786,1.4436284927340868,1213.7437810945273,1517.75,1474.5,497.4284439638633,-1.6149287906219372,1.0206973696321295,1918.3439054726368,2264.875,2211.75,671.0205317800967,-2.105273903227563,2.8658398224880965
B_08_1030crop.csv,B,791.0111940298508,1223.75,1001.625,457.7990897326218,-0.6313931223734475,-1.2118452226753664,69.56529850746269,142.75,71.25,49.11981504961015,-0.017277150665644704,-1.4835808036804716,2.675373134328358,4.875,3.125,1.7261694385032178,-0.35573701144636277,-1.3582250309145802,1176.3575870646766,1510.125,1402.5,494.0804181353976,-1.5879870498490471,0.9073569025612178,581.0460199004975,843.875,677.625,274.9045544390325,-1.1089002623415967,-0.12120052359528355,394.36442786069654,551.125,455.375,173.88191142322725,-1.3013806262591496,0.38936875113446057,14.837064676616915,20.625,18.625,6.880716119649177,-1.0926751161669293,-0.2608261218549992,1884.7276119402984,2366.75,2301.5,813.1131458744223,-1.577021287804441,0.7696627848206412,1102.1828358208954,1423.875,1370.625,483.1870216741611,-1.4234057755629523,0.43189994651175745,1757.55223880597,2137.75,2058.25,662.1225407215456,-1.8899078238820657,1.9964039997016858
B_09_1030crop.csv,B,550.4073383084577,983.5,624.875,353.63463527548157,-0.2846398738027615,-1.4644672138862365,34.833955223880594,75.25,33.75,25.072984770991134,0.11535784173496681,-1.453556646401761,3.5715174129353233,6.625,3.75,1.9873121328514005,-0.0901265673418004,-1.3677522745310051,1044.9863184079602,1400.75,1303.5,486.49057324893533,-1.2529863587839019,-0.09057296257093794,374.5192786069652,544.75,448.125,183.9428228599679,-1.067074322763106,-0.32597105458932774,276.27985074626866,386.0,332.125,129.90521938842886,-1.234916726699534,0.043658979378528695,7.477611940298507,10.875,9.375,3.7761479778872813,-0.9414318213087572,-0.5412829345087977,1663.6231343283582,2213.75,2146.375,795.3940364817762,-1.212825607195653,-0.22462537219216694,1052.527985074627,1449.75,1344.125,511.44178996094223,-1.0713964654462078,-0.4274124082469455,1503.3389303482586,1910.375,1827.5,629.5465455557036,-1.5444172636757154,0.7830441038552278
B_10_1030crop.csv,B,839.6915422885572,1288.375,1065.625,480.2263944521033,-0.658202179990515,-1.174898048375208,71.87375621890547,149.375,73.5,51.52950265600665,-0.014288450128347136,-1.4711781615251622,3.258084577114428,6.125,3.5,2.0592166162035266,-0.08366796988687272,-1.5239479718999858,1274.6386815920398,1630.875,1530.625,540.2777847560213,-1.567556607684439,0.8032851183803724,620.4794776119403,884.375,723.125,284.4544234097335,-1.1744909831319517,0.026020916743945577,427.9241293532338,588.125,498.0,186.4888556448203,-1.3491808940132346,0.44267721834501517,11.994402985074627,17.0,14.5,5.599191740870808,-0.9892917226304723,-0.4279095241425095,1921.9888059701493,2393.75,2334.75,812.7432721526645,-1.6166688047025328,0.8957343121525301,1299.7643034825871,1666.25,1615.75,562.9946248716241,-1.4495110854437407,0.5029831112907837,1790.2978855721392,2168.875,2098.125,670.2017715634953,-1.9003937110176863,2.02686134736169
B_11_1030crop.csv,B,1084.342039800995,1505.125,1432.25,542.9031914026134,-1.0267604750435646,-0.5828781154079428,140.8016169154229,276.5,148.875,96.06278099392128,-0.10741768389150609,-1.4727955941084088,3.0329601990049753,6.625,3.375,2.7266224926310123,-0.13575858495966106,-1.5923143882336945,1469.2400497512438,1802.625,1697.25,548.1122883053171,-1.9398956567465002,2.1846450497724534,895.9272388059702,1253.875,1015.75,379.7706269326376,-1.3012539458653176,0.5746891611721483,573.0578358208955,799.0,643.25,238.06493493151856,-1.3569458399567456,0.7949427833396823,20.105721393034827,28.0,24.625,9.348508253681135,-1.0372903043575183,-0.35322267273374885,2160.948383084577,2584.0,2527.5,825.3169035891592,-1.9578245875690752,2.105817530695476,1527.4241293532339,1873.5,1816.125,601.9701775661053,-1.7802569134055886,1.5464907063532873,2006.4427860696517,2348.5,2281.625,674.5834941197088,-2.2629148375165564,3.571697933460925
B_12_1030crop.csv,B,941.9508706467661,1387.875,1214.875,510.7287084004981,-0.7828666499235876,-0.9992879513450923,92.42537313432835,193.875,93.625,66.12446354857738,0.007479564121208027,-1.4573422493316959,3.5907960199004973,6.875,4.0,2.3914225066178263,-0.18639673526656814,-1.4659531908414227,1373.7468905472638,1707.625,1624.25,542.7472850496482,-1.7230685718717687,1.3250658003427898,727.1610696517413,1001.375,843.75,314.66217760069776,-1.3439397060060918,0.4482274178173422,488.58830845771143,655.875,566.375,204.3522490801211,-1.4710715854436107,0.7808722965410326,15.248756218905474,22.0,18.25,7.15420707005796,-0.9257310428844887,-0.5201404036596484,2025.3532338308457,2470.25,2424.0,815.2241198508281,-1.7427566595138737,1.3180497136805727,1364.2195273631842,1724.375,1682.125,577.0424200425025,-1.5198315971870586,0.6950828235914845,1870.6716417910447,2225.875,2170.75,668.155465427499,-2.0122123123824425,2.4718144957068287
B_13_1030crop.csv,B,1097.7562189054727,1531.375,1447.5,556.5220657465594,-0.9944267725685257,-0.645417839384363,146.26492537313433,306.875,148.375,105.40621167686967,0.0017900342941803025,-1.4627437652611022,3.4633084577114426,7.5,3.75,2.81818016231076,-0.07363906486545739,-1.5246376120605913,1490.9987562189056,1824.625,1749.0,573.1999913624873,-1.8401770712358918,1.7392728316743344,895.0124378109452,1208.875,1038.25,377.24060826534213,-1.4329657798164424,0.6825506746716994,580.735696517413,776.75,669.5,238.78478269725142,-1.5142198228542396,0.9572939485734664,21.550995024875622,31.5,25.875,10.359994645735911,-0.8975660442087269,-0.5602147012665437,2178.457711442786,2600.5,2561.0,834.3322686430097,-1.9230713669779618,1.9732860739655322,1456.8190298507463,1782.375,1742.75,571.7451492400538,-1.757290239927195,1.4883874921074893,2023.217039800995,2352.375,2307.125,678.2121632787356,-2.2548190443163487,3.5146350086591083
B_14_1030crop.csv,B,778.1162935323383,1240.875,963.75,463.23449417879385,-0.5508370126901979,-1.290308985380231,64.77985074626865,137.75,65.0,47.08199696842666,0.02659245345245949,-1.455463349288648,1.578358208955224,3.75,1.625,1.5488273661046932,-0.006707995064405762,-1.5814289046060492,1247.2164179104477,1599.375,1509.875,534.7798604876482,-1.5300444387133991,0.6936887675777652,557.488184079602,792.0,659.5,260.66203105628756,-1.1606525628479163,-0.09646125624679014,378.85074626865674,517.25,446.375,166.21369292528516,-1.3424953981626997,0.367938585975645,11.896144278606965,17.0,14.5,5.619450335549825,-0.9510049241528825,-0.4967452740371363,1964.2201492537313,2473.75,2418.5,853.1425669986829,-1.539171300811485,0.6676177734067603,1238.402985074627,1602.125,1557.625,541.5976949672382,-1.3979020147928083,0.39155189543774593,1780.8519900497513,2164.25,2099.375,675.209093984429,-1.864737124057633,1.898692519399142
B_15_1030crop.csv,B,847.2189054726368,1265.75,1094.375,469.13697853627497,-0.7355271177553298,-1.0805664029012614,77.47450248756219,149.0,82.875,51.58073165303042,-0.13662376565723464,-1.4744076737770238,1.7400497512437811,3.625,1.875,1.4287799643680408,-0.11330608843998873,-1.5894948517803795,1289.483208955224,1647.0,1506.875,514.8917775132676,-1.6612726038374386,1.198445683930994,577.7898009950248,865.625,647.75,270.3140312658855,-0.9817782554692605,-0.1584258209979863,385.0186567164179,556.0,432.25,170.80560497021276,-1.189324140428786,0.3190689646718563,12.442164179104477,16.75,15.75,5.502472661536418,-1.2270972458941642,0.04298559725137707,2010.3028606965174,2493.375,2407.5,825.165250723992,-1.6859274580193204,1.134105236478252,1298.3034825870648,1641.625,1575.25,537.103150328081,-1.5617540888815389,0.8542471048219134,1818.6871890547263,2201.75,2096.25,656.6731030197112,-1.9898655916474577,2.406202407488962
B_16_1030crop.csv,B,997.1666666666666,1429.125,1311.375,524.9272515833115,-0.8827550170574664,-0.8549361734479461,118.23072139303483,237.875,122.0,80.24897814542604,-0.042164618516055255,-1.4638621325377565,3.675995024875622,6.5,3.875,2.077227631198864,-0.10688558250986595,-1.5823902030044747,1357.5901741293533,1690.125,1593.625,538.4345394714804,-1.793761666683706,1.5890702149443037,748.7574626865671,1059.75,862.125,338.07707106020456,-1.27689443124684,0.3226704498102211,488.08768656716416,675.0,558.25,211.01666771956408,-1.422711847687721,0.7661222234145484,16.970771144278608,24.0,20.875,8.059953027983273,-1.0167041431139596,-0.3747648812140314,2052.7319651741295,2488.0,2435.125,815.9740683724041,-1.8290891013481647,1.623569323493519,1391.7325870646766,1721.25,1678.125,560.5768122340162,-1.695841469899397,1.2794999881279798,1889.7636815920398,2233.25,2171.25,664.0615651056949,-2.1424234661652166,3.019869541453076
B_17_1030crop.csv,B,1149.4166666666667,1584.625,1516.75,574.8890051227526,-1.0400672140752516,-0.5605101836016924,177.181592039801,379.75,176.125,129.44081857411538,0.04730969437936212,-1.4556498069978792,3.987562189054726,8.5,4.0,3.0049193956728244,0.05363635651082208,-1.5329127438288683,1530.1797263681592,1847.625,1784.375,574.9519194607423,-1.9472000770113471,2.15704029583814,972.0292288557214,1295.75,1141.875,413.95095580631596,-1.4669187531935033,0.6734966845181347,632.6716417910447,832.5,733.5,257.1981695109669,-1.5821821262039206,1.108496254906747,24.617537313432837,36.875,29.0,12.01471321388038,-0.796940969958688,-0.7297273191310776,2187.6915422885572,2597.0,2565.625,833.3357873738648,-1.970728617422492,2.157640232742634,1490.9825870646766,1802.625,1771.375,571.3717159227355,-1.8518913227930214,1.841439851153952,2045.1990049751244,2361.625,2326.0,677.8662459737924,-2.3244555162182627,3.842815138091768
B_18_1030crop.csv,B,973.2929104477612,1416.0,1270.75,520.5551836861767,-0.8163671506708282,-0.9642579840210557,111.33084577114428,230.875,112.875,78.71730048441275,0.0007948304193801077,-1.4656984888804616,3.6958955223880596,7.125,3.875,2.2787232272257985,-0.03093685888437416,-1.5151678438133918,1334.7587064676618,1657.25,1571.25,521.7700356224485,-1.754997273635358,1.4571985325227317,751.1125621890548,1050.625,879.875,339.67984657055587,-1.2764924001034188,0.24315505632318812,486.16853233830847,664.5,562.75,208.96552009843668,-1.4112402497547794,0.6585301293547281,17.47139303482587,25.125,21.125,8.345936393141242,-0.919605048883613,-0.547842018836981,2034.9228855721392,2466.375,2418.75,800.5387154163623,-1.8007385125670556,1.5407725373964931,1301.4179104477612,1616.625,1573.5,523.146795012597,-1.6575392743963056,1.1747884594774005,1850.7997512437812,2184.375,2128.0,641.2935495379963,-2.1340361149966096,3.024476943498432
B_19_1030crop.csv,B,1078.285447761194,1503.5,1424.0,545.0525589726055,-0.9989371982618706,-0.6355877215424761,142.601368159204,290.375,146.75,99.2620434313286,-0.034179205218765156,-1.4691471571395551,4.3190298507462686,8.0,4.625,2.6421305154742973,-0.13751275309559993,-1.5080953883436903,1446.948383084577,1782.625,1694.625,561.9103156134292,-1.8314722456183063,1.7091635405081833,863.5628109452737,1188.0,995.125,372.0363738294593,-1.3732243382767664,0.5765535151064514,545.5733830845771,748.875,623.625,230.1571005764729,-1.4332558125498143,0.8272718842367999,15.757462686567164,21.75,18.625,6.685122639587037,-1.3854892722232055,0.5302824454723347,2147.401119402985,2577.125,2530.625,833.1537284324312,-1.8925057699087178,1.855827124001883,1429.818407960199,1751.875,1708.0,562.5916864055489,-1.7586831623619255,1.483556597402381,1980.3271144278608,2321.0,2266.5,679.7348555443676,-2.191602151374633,3.2214739130426606
B_20_1030crop.csv,B,1038.6262437810944,1473.25,1366.75,539.0702487171181,-0.9269032273829967,-0.7687325756757724,126.4023631840796,262.875,128.875,90.20785852719334,-0.00964674924518008,-1.4638092079643406,3.2101990049751246,6.5,3.375,2.3041038901309165,-0.03939787729723935,-1.5771554346823253,1435.060945273632,1768.0,1684.875,559.283105324437,-1.8229116073465448,1.6886633597343321,831.7350746268656,1140.125,967.0,360.9218035595743,-1.3629884464303208,0.4763271882908029,534.5665422885572,721.125,616.5,222.02764440203356,-1.479110715372513,0.8676459623329245,19.425373134328357,28.0,23.5,9.242291893133716,-0.9399740947066337,-0.5032128097246038,2138.771144278607,2578.75,2535.5,842.8679854756232,-1.8503499747664647,1.7036676063630747,1411.1996268656717,1740.375,1698.875,564.2982611584963,-1.7111364457296707,1.3356680020766367,1973.3289800995026,2316.625,2266.75,680.3587773955619,-2.161754082537822,3.114071345261995
B_21_1030crop.csv,B,986.1716417910447,1429.125,1290.75,526.6734045676661,-0.8429231481610554,-0.9158715321578477,112.61878109452736,232.5,114.5,79.13580448900002,-0.006800389918945458,-1.463136247542391,2.921641791044776,6.0,2.875,2.073565689267221,0.047125792348418634,-1.5365974994083027,1381.863184079602,1714.625,1627.25,546.1184350371026,-1.7841675695065373,1.5592377701214666,766.3171641791045,1066.25,895.625,343.4818191744665,-1.2915542137820326,0.2809366441036478,496.6871890547264,674.625,574.25,210.18787649932997,-1.4376092421101025,0.7488550988706075,17.82773631840796,25.25,21.375,8.186298921063132,-0.9569076736733828,-0.47319808607356606,2094.7133084577113,2544.5,2496.5,838.4519200149407,-1.7961532759714325,1.51309417436413,1379.5597014925372,1713.375,1668.5,556.8155976400841,-1.6645662598318605,1.1946392850312852,1912.8059701492537,2269.25,2212.5,681.3083807942455,-2.0761176419576657,2.7386732495323294
B_22_1030crop.csv,B,1075.1996268656717,1493.5,1423.25,540.463425899993,-1.0280372717810597,-0.5768373342257349,140.22761194029852,279.0,147.625,97.16996762491752,-0.09716405736996181,-1.4668659460036932,2.3818407960199006,6.125,2.625,2.6737564821609827,-0.07116161429671022,-1.5887560982920517,1462.2823383084576,1788.625,1691.375,549.2072743264963,-1.9639636426886984,2.2616878661163646,911.294776119403,1257.625,1038.375,382.2766014907765,-1.3635555213494097,0.6765097189504901,584.752487562189,800.25,656.375,236.06231487682666,-1.4432803651996695,1.0040355913210117,19.91169154228856,27.875,24.75,9.348214977100584,-1.0586319821694408,-0.3113484924671073,2147.966417910448,2568.125,2516.875,827.6204442701887,-1.9586303689665563,2.1021483348189705,1487.4751243781095,1814.875,1763.375,580.3855881853401,-1.825424252535399,1.7186547608407228,1980.5485074626865,2312.0,2249.625,664.400593007762,-2.284984321430495,3.668699916573525
B_23_1030crop.csv,B,839.1405472636816,1287.25,1063.125,478.83253025592626,-0.6556601032768131,-1.1735539628466305,76.06902985074628,157.0,77.625,53.44435668637989,-0.013447627938580136,-1.4603231687551468,0.23507462686567165,2.625,0.25,1.5736760586964564,0.023891172896719718,-1.5233294774540267,1285.330223880597,1629.375,1535.5,532.3859279612103,-1.6211455161750223,0.9949146453667344,611.9048507462686,865.625,713.875,279.21330055344407,-1.2077834964760963,0.0880660066329515,402.6542288557214,552.625,469.75,175.5733000092743,-1.3602199490331408,0.47780965335328096,13.083333333333334,18.5,16.125,6.1291973806265965,-0.9997595689984499,-0.4022669747465337,2006.6100746268658,2499.5,2444.125,850.6901593939306,-1.6159370382595672,0.9034309401281453,1275.1175373134329,1629.125,1582.625,545.2489493492377,-1.4706524148312674,0.5875535259753843,1822.0808457711444,2204.5,2137.875,681.8742008855917,-1.9020321009149261,2.0386161886576133
B_24_1030crop.csv,B,900.2313432835821,1325.375,1162.75,487.48612427012426,-0.786776033737338,-0.9888519360726451,89.73009950248756,182.0,93.25,62.59792260862554,-0.05913140709915826,-1.459150560348063,2.3358208955223883,4.375,2.5,1.4887966183823298,-0.12259544638457566,-1.5505932340757307,1304.5317164179105,1643.625,1551.625,533.6016953526739,-1.6741688616844317,1.1765494498535745,704.0416666666666,978.875,808.875,303.0331909059306,-1.3008431343559332,0.4238187868760006,439.28855721393035,602.625,501.875,184.15428054201786,-1.3806701192900908,0.6670334378040552,10.009950248756219,14.875,11.125,4.104935052905172,-1.3545950339956445,0.7914425406657597,2020.5031094527362,2461.125,2408.875,805.4404778800354,-1.7858258693588405,1.503357340745068,1345.4471393034826,1689.375,1642.0,555.2890441032894,-1.589805741596647,0.9565472640942922,1889.6511194029852,2234.75,2171.625,657.5498765217714,-2.136586348364179,3.0251599046413293
B_25_1030crop.csv,B,1034.8694029850747,1449.125,1353.375,522.2966989894397,-0.9709484387519247,-0.6718977447699257,130.13619402985074,265.125,134.25,90.15024616383565,-0.04629350714478657,-1.4456894751314529,3.587686567164179,5.875,3.875,1.821907724743833,-0.21501493635965502,-1.4875867820779403,1442.1001243781095,1748.875,1676.5,534.2325544805143,-1.920640025085124,2.0787937092974245,862.457711442786,1155.625,995.75,354.38415077586455,-1.4785393059591403,0.8412150474306386,533.9148009950248,711.5,615.25,217.69082196859696,-1.5451806565568087,1.0704926459866844,10.181592039800995,16.125,12.375,5.857155079440296,-0.8057894047507682,-0.7390412752345168,2134.468905472637,2523.625,2485.75,783.5618593742081,-2.0108977771236316,2.3632102497829486,1477.4092039800994,1783.75,1747.25,551.956990139444,-1.857879760853494,1.9018175515473983,2000.9726368159204,2306.0,2262.75,643.1142205561968,-2.3558439695750484,4.025433298119344
B_26_1030crop.csv,B,996.4813432835821,1419.125,1307.5,517.836121789545,-0.9051183072770138,-0.8049930681193871,121.81405472636816,250.25,124.5,85.37279704901398,-0.022665718580061393,-1.4604823761488164,2.7779850746268657,5.25,3.0,1.9585832387876245,-0.1369770384051244,-1.5763149060380226,1345.6212686567164,1663.25,1585.25,528.7143596056771,-1.8023322587610562,1.6291167524225418,826.5354477611941,1132.0,962.75,358.0531126389579,-1.3720721646696648,0.5158652265516621,525.044776119403,710.75,607.0,222.6369079966596,-1.4606977274893946,0.8026850199336861,12.259950248756219,18.25,15.0,6.223505574779849,-0.8532802875041341,-0.7081345339529839,2040.9558457711444,2444.375,2402.75,782.0645047617492,-1.9117684390019092,1.9614111096075018,1385.7400497512438,1700.25,1659.125,542.0123237001014,-1.7508858888716399,1.5048757540809143,1914.5870646766168,2235.75,2187.0,647.9443070015449,-2.237674160034634,3.4723904053419856
B_27_1030crop.csv,B,1033.7400497512438,1458.5,1357.125,531.4566300472145,-0.9445179102642447,-0.7291198387331743,134.5167910447761,282.375,136.25,96.14986204446821,0.0023949944913384757,-1.4462320865638563,3.107587064676617,6.25,3.375,2.235930643917604,-0.07645719079893609,-1.5267734123526095,1440.4937810945273,1757.125,1688.5,552.3835434703838,-1.877048505758164,1.8918111693526374,900.9645522388059,1201.625,1049.5,374.57660186133967,-1.470534436677175,0.7438855303735412,576.3874378109452,758.875,663.5,229.70503304996376,-1.5731724475124247,1.1244959815384936,21.57089552238806,31.375,25.75,10.153047354911454,-0.8816915069859227,-0.5784658240926701,2103.5833333333335,2498.875,2464.125,791.7336258996345,-1.9769947942807669,2.2191669181192575,1442.2139303482586,1752.625,1717.0,551.1004623710609,-1.8201949355485965,1.7650528959497915,1992.9570895522388,2308.375,2268.875,660.3555969366687,-2.2904174862064193,3.7010781423332144
B_28_1030crop.csv,B,984.9272388059702,1402.375,1287.0,508.8155284433028,-0.9031222317366803,-0.8006702661398784,112.40796019900498,226.625,116.75,77.55146192262738,-0.06338999260244249,-1.4555939144624492,3.30907960199005,5.75,3.625,1.8115958780876928,-0.162240021715913,-1.5326715906251878,1392.7810945273632,1707.375,1621.0,522.1168957490868,-1.8559767220843,1.8449482970843771,806.1075870646766,1103.375,930.5,341.6399693147112,-1.362279098994041,0.5291292518436581,501.89179104477614,678.875,573.0,205.46235465438795,-1.4573227930382884,0.8682000910551908,8.210199004975124,12.375,10.375,4.508470657755223,-0.9077606166157227,-0.6211386336105944,2099.0130597014927,2505.25,2459.125,786.2686772970637,-1.9300567949649228,2.0421938604810066,1407.092039800995,1717.5,1673.25,533.5572510034202,-1.7751681596563023,1.6138939512493664,1952.9620646766168,2269.875,2216.875,635.0830464904906,-2.2649863791945903,3.6289792803671554
B_29_1030crop.csv,B,806.9514925373135,1233.0,1029.0,460.5557721130287,-0.6721575546777991,-1.158163767502319,70.25124378109453,138.0,74.625,47.971867387481,-0.11778855262549219,-1.464475914828584,1.4409203980099503,3.75,1.625,1.6402626969655068,-0.05781644396728368,-1.5810140651622935,1256.254975124378,1606.5,1483.125,518.2330894072584,-1.6575834202493973,1.155315799958542,622.4726368159204,905.375,704.875,280.4220882941396,-1.1075456203406744,0.06014185453140941,408.6735074626866,576.125,461.375,174.8194288131568,-1.2776878645293566,0.4848330055641523,11.996890547263682,16.625,15.0,5.5326855244445445,-1.0879278825167127,-0.27274279093560017,1989.226368159204,2482.125,2406.625,845.2550689545004,-1.6436073818395813,0.9812292809928826,1278.7375621890546,1633.25,1573.625,551.0032983526955,-1.5054931595869652,0.6615974177533954,1776.9490049751244,2162.125,2069.375,664.803998239241,-1.9262336441028378,2.131779883854618
B_30_1030crop.csv,B,795.5478855721393,1220.875,1012.875,456.63979034546264,-0.6586329407868146,-1.1781106234012764,68.82773631840796,133.875,73.25,46.22933287034261,-0.12322934515094068,-1.4673308485594414,0.9222636815920398,3.0,1.0,1.3722344327527338,0.04235860706546492,-1.5737416962213755,1254.0435323383085,1610.375,1484.125,521.0885244193663,-1.6241182461174217,1.039763070505078,596.8644278606965,877.25,675.0,274.5822320793493,-1.0707659807501388,-0.03412124422469498,394.59452736318406,560.375,445.75,171.81953289854192,-1.2533712340348773,0.4093192642941301,11.398009950248756,15.75,14.25,5.2609766577068005,-1.103014370698102,-0.2481954261837762,1981.1150497512438,2483.875,2406.125,849.9619248462286,-1.60748034652173,0.8614805640996814,1287.3544776119404,1645.875,1586.375,554.0838914526071,-1.4898190536447795,0.6175578169989127,1783.2885572139303,2172.75,2079.0,668.1920393391609,-1.9141084215903037,2.0871153935692854
B_31_1030crop.csv,B,1121.884328358209,1598.5,1492.125,596.9304128168485,-0.9004371699657271,-0.851639226825498,172.99378109452735,398.375,161.625,134.18793832132306,0.17913942869383745,-1.41498752139651,5.527985074626866,14.5,5.25,5.482934609777925,0.10721979720783519,-1.4400611012990818,1483.172263681592,1841.625,1796.75,610.3513306558024,-1.6561531370721987,1.0837397213967659,1075.0018656716418,1403.375,1284.0,458.1564696313385,-1.5152158954028445,0.7315007214161162,678.8258706467661,895.125,807.25,291.13229716932426,-1.4948412241281566,0.7131360717838704,26.19402985074627,42.875,30.25,14.383273364077303,-0.5646544611790173,-1.0582821967380849,2181.123134328358,2599.625,2578.0,842.7416021737947,-1.898123447884966,1.867350234751064,1471.2002487562188,1830.25,1802.625,614.4652183167753,-1.6254200526414115,1.0058391893450622,2034.7885572139303,2396.375,2368.125,720.532676827724,-2.0477615279779817,2.6131590128539006
B_32_1030crop.csv,B,936.6927860696518,1370.625,1211.25,503.83458605323216,-0.8109530426664457,-0.9474452419323569,98.2363184079602,202.5,100.75,68.80116684390386,-0.029048398772676218,-1.444577972986514,2.5578358208955225,5.875,2.5,2.158374334786513,0.06002602864028894,-1.551089067062212,1360.358830845771,1670.25,1588.5,519.787974216699,-1.871638599148161,1.918820717458929,797.8177860696518,1077.125,919.0,330.08248605040063,-1.4522268719413582,0.7949376721752657,505.33768656716416,674.5,577.75,203.02601665746508,-1.5285914900725766,1.0593635086315052,16.3818407960199,23.875,19.625,7.712124578671085,-0.9051016167967552,-0.5372772634358567,2086.541044776119,2511.875,2468.625,810.1983001887619,-1.8701187974097022,1.8163354012469286,1366.1542288557214,1695.875,1655.25,547.9752512053891,-1.6584551739355766,1.2019756180335834,1883.8899253731342,2218.25,2166.0,645.0624965585025,-2.136612868379832,3.0666052837877418
B_33_1030crop.csv,B,814.023631840796,1309.875,1008.75,492.1958198037973,-0.5297372500623883,-1.3228031058119505,73.97388059701493,162.25,71.625,54.30583339212836,0.10631532214400048,-1.42916574423921,3.232587064676617,7.5,3.5,2.766010880793584,-0.10818505771573797,-1.372838429378307,1262.8507462686566,1641.375,1575.5,573.9590088414753,-1.3833740599167481,0.2164033311360951,705.1156716417911,959.625,836.75,310.8655195729735,-1.3133179808804398,0.25340092729895103,444.93967661691545,602.625,534.5,199.6289480486855,-1.3410166589991104,0.2718623926574586,14.175373134328359,21.625,16.75,7.159933119359852,-0.7604129266476588,-0.807311806411517,2030.7251243781095,2526.0,2486.625,862.6458107353292,-1.6002363819074679,0.855417124029684,1295.2574626865671,1692.5,1641.125,586.733660193456,-1.3336830472955712,0.17231814714266092,1828.879353233831,2225.25,2176.125,704.0856531871387,-1.815722887757495,1.7023999545775022
B_34_1030crop.csv,B,844.3084577114428,1301.5,1074.875,488.5322134442576,-0.6454060361496959,-1.1986406171783153,81.35074626865672,164.25,83.625,55.5481332284396,-0.035501388117584874,-1.4604393864461513,3.1218905472636815,6.5,3.125,2.186693625750009,0.03099815798942639,-1.5363337745867083,1324.4067164179105,1673.0,1580.375,546.0307654922877,-1.6465195835717352,1.0706876320618433,680.4359452736319,966.5,799.5,315.47342934901167,-1.1866577849919786,-0.0035814639531674963,442.0080845771144,608.625,512.625,191.898828709654,-1.3618101229811288,0.5182580723384991,13.625621890547263,19.5,16.625,6.5841224279011135,-0.9494278378368324,-0.5307004512097087,2053.813432835821,2534.375,2480.625,853.0237094407555,-1.680858872040434,1.1147178757378562,1354.879353233831,1715.625,1665.375,569.4799171100079,-1.5333572997985896,0.7739043970459853,1866.80223880597,2241.125,2174.125,682.7156129188032,-1.9754143101487458,2.323408972994316
B_35_1030crop.csv,B,878.945895522388,1343.875,1128.0,504.7926156720292,-0.662061741420134,-1.188630928102834,91.95646766169155,189.5,92.75,63.73842911642123,0.013995294527443023,-1.4632599565040838,2.25,4.875,2.125,1.793047310228154,0.08329641759760426,-1.5677360635301383,1301.2369402985075,1643.75,1554.125,538.1484274869555,-1.6566754717691892,1.1183861335670384,728.139303482587,1023.75,853.5,331.75712288635685,-1.2367798476644682,0.14167499202776668,463.8563432835821,642.0,540.5,205.019810337398,-1.3468696835183513,0.4639286019496378,14.825248756218905,21.875,17.875,7.399030959666302,-0.8452787363902128,-0.7068092852500123,2012.8532338308457,2490.125,2440.0,843.9540812203279,-1.6627181754636609,1.0555836952074005,1352.6797263681592,1720.125,1673.625,575.4620594731545,-1.4987085216694358,0.6691479447498576,1831.245024875622,2212.375,2150.5,685.9291998461767,-1.9135297505785052,2.09402478591129
